[
  {
    "id": "12b49a7a-6e79-4beb-8c63-5fff90c7d150",
    "data": [
      {
        "text": "we",
        "meta": "@Name",
        "alias": "Name",
        "userDefined": false
      },
      {
        "text": " spent how much on ",
        "userDefined": false
      },
      {
        "text": "shopping",
        "meta": "@Category",
        "alias": "Category",
        "userDefined": false
      },
      {
        "text": " ",
        "userDefined": false
      },
      {
        "text": "last year",
        "meta": "@sys.date-period",
        "alias": "date-period",
        "userDefined": false
      }
    ],
    "isTemplate": false,
    "count": 0,
    "lang": "en",
    "updated": 0
  },
  {
    "id": "0bd72e18-3115-4f73-8366-94082e7b0147",
    "data": [
      {
        "text": "we",
        "meta": "@Name",
        "alias": "Name",
        "userDefined": false
      },
      {
        "text": " spent how much for ",
        "userDefined": false
      },
      {
        "text": "books",
        "meta": "@Category",
        "alias": "Category",
        "userDefined": false
      },
      {
        "text": " ",
        "userDefined": false
      },
      {
        "text": "last year",
        "meta": "@sys.date-period",
        "alias": "date-period",
        "userDefined": false
      },
      {
        "text": "?",
        "userDefined": false
      }
    ],
    "isTemplate": false,
    "count": 0,
    "lang": "en",
    "updated": 0
  },
  {
    "id": "e47aa749-721f-4ea1-854c-d50a2efb0f15",
    "data": [
      {
        "text": "how much",
        "userDefined": false
      },
      {
        "text": " i",
        "meta": "@Name",
        "alias": "Name",
        "userDefined": true
      },
      {
        "text": " spend for ",
        "userDefined": false
      },
      {
        "text": "food",
        "meta": "@Category",
        "alias": "Category",
        "userDefined": true
      },
      {
        "text": " on ",
        "userDefined": false
      },
      {
        "text": "may 2019",
        "meta": "@sys.date-period",
        "alias": "date-period",
        "userDefined": true
      }
    ],
    "isTemplate": false,
    "count": 0,
    "lang": "en",
    "updated": 0
  },
  {
    "id": "301c005d-9a05-4fcb-9a95-e5eab011319c",
    "data": [
      {
        "text": "highest",
        "meta": "@Metric",
        "alias": "Metric",
        "userDefined": true
      },
      {
        "text": " amount spent on ",
        "userDefined": false
      },
      {
        "text": "gifts",
        "meta": "@Category",
        "alias": "Category",
        "userDefined": true
      },
      {
        "text": " ",
        "userDefined": false
      },
      {
        "text": "this year",
        "meta": "@sys.date-period",
        "alias": "date-period",
        "userDefined": true
      }
    ],
    "isTemplate": false,
    "count": 0,
    "lang": "en",
    "updated": 0
  },
  {
    "id": "03e8cdc8-c3fd-4106-a050-0da09bf4e1ce",
    "data": [
      {
        "text": "My ",
        "userDefined": false
      },
      {
        "text": "wife",
        "meta": "@Name",
        "alias": "Name",
        "userDefined": false
      },
      {
        "text": " for ",
        "userDefined": false
      },
      {
        "text": "gifts",
        "meta": "@Category",
        "alias": "Category",
        "userDefined": false
      },
      {
        "text": " on ",
        "userDefined": false
      },
      {
        "text": "jan month",
        "meta": "@sys.date-period",
        "alias": "date-period",
        "userDefined": false
      },
      {
        "text": " how much she spent on ",
        "userDefined": false
      },
      {
        "text": "average",
        "meta": "@Metric",
        "alias": "Metric",
        "userDefined": true
      }
    ],
    "isTemplate": false,
    "count": 0,
    "lang": "en",
    "updated": 0
  },
  {
    "id": "cf5df1f4-5574-4d05-b2a3-9e09c5be86ad",
    "data": [
      {
        "text": "My ",
        "userDefined": false
      },
      {
        "text": "wife",
        "meta": "@Name",
        "alias": "Name",
        "userDefined": false
      },
      {
        "text": "  on ",
        "userDefined": false
      },
      {
        "text": "may month",
        "meta": "@sys.date-period",
        "alias": "date-period",
        "userDefined": true
      },
      {
        "text": " for ",
        "userDefined": false
      },
      {
        "text": "shopping",
        "meta": "@Category",
        "alias": "Category",
        "userDefined": false
      },
      {
        "text": " how much she spent",
        "userDefined": false
      }
    ],
    "isTemplate": false,
    "count": 0,
    "lang": "en",
    "updated": 0
  },
  {
    "id": "0008ac5d-50bb-4250-9805-5fda1f0f8160",
    "data": [
      {
        "text": "For ",
        "userDefined": false
      },
      {
        "text": "shopping",
        "meta": "@Category",
        "alias": "Category",
        "userDefined": false
      },
      {
        "text": " how much  my ",
        "userDefined": false
      },
      {
        "text": "wife",
        "meta": "@Name",
        "alias": "Name",
        "userDefined": false
      },
      {
        "text": " spent ",
        "userDefined": false
      },
      {
        "text": "jan month",
        "meta": "@sys.date-period",
        "alias": "date-period",
        "userDefined": false
      }
    ],
    "isTemplate": false,
    "count": 0,
    "lang": "en",
    "updated": 0
  },
  {
    "id": "3027e310-7d39-4623-8345-4ca1d15c1f7f",
    "data": [
      {
        "text": "For ",
        "userDefined": false
      },
      {
        "text": "shopping",
        "meta": "@Category",
        "alias": "Category",
        "userDefined": false
      },
      {
        "text": " how much  ",
        "userDefined": false
      },
      {
        "text": "jan month",
        "meta": "@sys.date-period",
        "alias": "date-period",
        "userDefined": false
      },
      {
        "text": " my ",
        "userDefined": false
      },
      {
        "text": "wife",
        "meta": "@Name",
        "alias": "Name",
        "userDefined": false
      },
      {
        "text": " spent",
        "userDefined": false
      }
    ],
    "isTemplate": false,
    "count": 0,
    "lang": "en",
    "updated": 0
  },
  {
    "id": "dcd8d38f-205b-4e73-9bc3-2976a68c8cfd",
    "data": [
      {
        "text": "For ",
        "userDefined": false
      },
      {
        "text": "shopping",
        "meta": "@Category",
        "alias": "Category",
        "userDefined": false
      },
      {
        "text": " my ",
        "userDefined": false
      },
      {
        "text": "wife",
        "meta": "@Name",
        "alias": "Name",
        "userDefined": false
      },
      {
        "text": " how much she spend on ",
        "userDefined": false
      },
      {
        "text": "may month",
        "meta": "@sys.date-period",
        "alias": "date-period",
        "userDefined": true
      }
    ],
    "isTemplate": false,
    "count": 0,
    "lang": "en",
    "updated": 0
  },
  {
    "id": "9b0bd2f4-6b56-402f-8135-ad8b5584029d",
    "data": [
      {
        "text": "For ",
        "userDefined": false
      },
      {
        "text": "shopping",
        "meta": "@Category",
        "alias": "Category",
        "userDefined": false
      },
      {
        "text": " my ",
        "userDefined": false
      },
      {
        "text": "wife",
        "meta": "@Name",
        "alias": "Name",
        "userDefined": false
      },
      {
        "text": " on ",
        "userDefined": false
      },
      {
        "text": "may month",
        "meta": "@sys.date-period",
        "alias": "date-period",
        "userDefined": false
      },
      {
        "text": " how much she spend",
        "userDefined": false
      }
    ],
    "isTemplate": false,
    "count": 0,
    "lang": "en",
    "updated": 0
  },
  {
    "id": "f6975b4b-7966-4b61-a981-063e4cb0a7eb",
    "data": [
      {
        "text": "For ",
        "userDefined": false
      },
      {
        "text": "shopping",
        "meta": "@Category",
        "alias": "Category",
        "userDefined": false
      },
      {
        "text": " , ",
        "userDefined": false
      },
      {
        "text": "may month",
        "meta": "@sys.date-period",
        "alias": "date-period",
        "userDefined": false
      },
      {
        "text": " how much my ",
        "userDefined": false
      },
      {
        "text": "wife",
        "meta": "@Name",
        "alias": "Name",
        "userDefined": false
      },
      {
        "text": " spent",
        "userDefined": false
      }
    ],
    "isTemplate": false,
    "count": 0,
    "lang": "en",
    "updated": 0
  },
  {
    "id": "df9b2490-dbfb-4c0c-adad-9984ba69116d",
    "data": [
      {
        "text": "For ",
        "userDefined": false
      },
      {
        "text": "shopping",
        "meta": "@Category",
        "alias": "Category",
        "userDefined": false
      },
      {
        "text": " , ",
        "userDefined": false
      },
      {
        "text": "may month",
        "meta": "@sys.date-period",
        "alias": "date-period",
        "userDefined": false
      },
      {
        "text": " my ",
        "userDefined": false
      },
      {
        "text": "wife",
        "meta": "@Name",
        "alias": "Name",
        "userDefined": false
      },
      {
        "text": " spent how much",
        "userDefined": false
      }
    ],
    "isTemplate": false,
    "count": 0,
    "lang": "en",
    "updated": 0
  },
  {
    "id": "e7b640bc-9b77-4439-b142-c95e29c72ddc",
    "data": [
      {
        "text": "May  month",
        "meta": "@sys.date-period",
        "alias": "date-period",
        "userDefined": false
      },
      {
        "text": " my ",
        "userDefined": false
      },
      {
        "text": "wife",
        "meta": "@Name",
        "alias": "Name",
        "userDefined": false
      },
      {
        "text": " on ",
        "userDefined": false
      },
      {
        "text": "shopping",
        "meta": "@Category",
        "alias": "Category",
        "userDefined": false
      },
      {
        "text": " how much",
        "userDefined": false
      }
    ],
    "isTemplate": false,
    "count": 0,
    "lang": "en",
    "updated": 0
  },
  {
    "id": "4782840e-4acb-4568-bbea-9e2a9920c8c7",
    "data": [
      {
        "text": "May  month",
        "meta": "@sys.date-period",
        "alias": "date-period",
        "userDefined": false
      },
      {
        "text": " for ",
        "userDefined": false
      },
      {
        "text": "shopping",
        "meta": "@Category",
        "alias": "Category",
        "userDefined": false
      },
      {
        "text": " how much my ",
        "userDefined": false
      },
      {
        "text": "wife",
        "meta": "@Name",
        "alias": "Name",
        "userDefined": false
      },
      {
        "text": " spent",
        "userDefined": false
      }
    ],
    "isTemplate": false,
    "count": 0,
    "lang": "en",
    "updated": 0
  },
  {
    "id": "c8c864f8-8a24-4b42-a5af-abd785749015",
    "data": [
      {
        "text": "May  month",
        "meta": "@sys.date-period",
        "alias": "date-period",
        "userDefined": false
      },
      {
        "text": " for ",
        "userDefined": false
      },
      {
        "text": "shopping",
        "meta": "@Category",
        "alias": "Category",
        "userDefined": false
      },
      {
        "text": " my ",
        "userDefined": false
      },
      {
        "text": "wife",
        "meta": "@Name",
        "alias": "Name",
        "userDefined": false
      },
      {
        "text": " spent how much",
        "userDefined": false
      }
    ],
    "isTemplate": false,
    "count": 0,
    "lang": "en",
    "updated": 0
  },
  {
    "id": "8e64095e-822a-4838-83e0-57aa492099d2",
    "data": [
      {
        "text": "My ",
        "userDefined": false
      },
      {
        "text": "wife",
        "meta": "@Name",
        "alias": "Name",
        "userDefined": false
      },
      {
        "text": " for ",
        "userDefined": false
      },
      {
        "text": "shopping",
        "meta": "@Category",
        "alias": "Category",
        "userDefined": false
      },
      {
        "text": " how much she spent ",
        "userDefined": false
      },
      {
        "text": "may month",
        "meta": "@sys.date-period",
        "alias": "date-period",
        "userDefined": false
      }
    ],
    "isTemplate": false,
    "count": 0,
    "lang": "en",
    "updated": 0
  },
  {
    "id": "631ae080-fd40-4fff-908d-dbfe04f36f33",
    "data": [
      {
        "text": "how much money ",
        "userDefined": false
      },
      {
        "text": "i",
        "meta": "@Name",
        "alias": "Name",
        "userDefined": true
      },
      {
        "text": " spent on ",
        "userDefined": false
      },
      {
        "text": "food",
        "meta": "@Category",
        "alias": "Category",
        "userDefined": false
      },
      {
        "text": " ",
        "userDefined": false
      },
      {
        "text": "this month",
        "meta": "@sys.date-period",
        "alias": "date-period",
        "userDefined": false
      }
    ],
    "isTemplate": false,
    "count": 0,
    "lang": "en",
    "updated": 0
  }
]