[
  {
    "value": "EMI",
    "synonyms": [
      "EMI",
      "emi"
    ]
  },
  {
    "value": "Gifts",
    "synonyms": [
      "Gifts",
      "birthday gifts",
      "presents",
      "wedding celebrations",
      "weddings"
    ]
  },
  {
    "value": "books",
    "synonyms": [
      "Books",
      "audible",
      "books",
      "kindle",
      "kindle books"
    ]
  },
  {
    "value": "food",
    "synonyms": [
      "dinner",
      "food",
      "hotel",
      "lunch",
      "restaurants",
      "restraunts",
      "swiggy",
      "zomato"
    ]
  },
  {
    "value": "funds",
    "synonyms": [
      "charity",
      "funds"
    ]
  },
  {
    "value": "others",
    "synonyms": [
      "Miscellanous",
      "others"
    ]
  },
  {
    "value": "savings",
    "synonyms": [
      "FD",
      "RD",
      "Rd",
      "savings"
    ]
  },
  {
    "value": "shopping",
    "synonyms": [
      "amazon",
      "myntra",
      "online shopping",
      "shopping"
    ]
  },
  {
    "value": "travel",
    "synonyms": [
      "auto",
      "bus",
      "ola",
      "sleeper",
      "travel",
      "uber"
    ]
  }
]